{"count":1,"self":23.6508528,"total":24.438215,"children":{"AgentSendState":{"count":1298,"self":0.707174,"total":0.72170499999999993,"children":{"CollectObservations":{"count":1298,"self":0.012003999999999999,"total":0.012003999999999999,"children":null},"CollectDiscreteActionMasks":{"count":1298,"self":0.0025269999999999997,"total":0.0025269999999999997,"children":null}}},"DecideAction":{"count":1298,"self":0.0051919999999999996,"total":0.0051919999999999996,"children":null},"AgentAct":{"count":1298,"self":0.058920999999999994,"total":0.058920999999999994,"children":null}},"gauges":{},"metadata":{"timer_format_version":"0.1.0","start_time_seconds":"1633529892","unity_version":"2020.3.2f1","command_line_arguments":"\/Applications\/Unity\/Hub\/Editor\/2020.3.2f1\/Unity.app\/Contents\/MacOS\/Unity -projectpath \/Users\/mia-katrinkvalsund\/Desktop\/Skole\/master_project\/Modbots_v2 -useHub -hubIPC -cloudEnvironment production -hubSessionId 17ffa5b0-2697-11ec-944d-7f688f759b0c","communication_protocol_version":"1.0.0","com.unity.ml-agents_version":"1.0.7","scene_name":"InfinitePlane","end_time_seconds":"1633529916"}}